Directory,Filename,Width,Height
/media/512GB_ext/DATASET_ziarna/ziarna_zdrowe/01696_T.png,01696_T.png,255,620
/media/512GB_ext/DATASET_ziarna/ziarna_zdrowe/01695_T.png,01695_T.png,240,588
/media/512GB_ext/DATASET_ziarna/ziarna_zdrowe/01696_B.png,01696_B.png,250,621
/media/512GB_ext/DATASET_ziarna/ziarna_zdrowe/01695_B.png,01695_B.png,238,592
/media/512GB_ext/DATASET_ziarna/ziarna_zdrowe/01697_T.png,01697_T.png,266,584
/media/512GB_ext/DATASET_ziarna/ziarna_zdrowe/01697_B.png,01697_B.png,263,583
/media/512GB_ext/DATASET_ziarna/ziarna_zdrowe/01698_T.png,01698_T.png,227,528
/media/512GB_ext/DATASET_ziarna/ziarna_zdrowe/01698_B.png,01698_B.png,224,526
/media/512GB_ext/DATASET_ziarna/ziarna_zdrowe/01699_T.png,01699_T.png,245,486
/media/512GB_ext/DATASET_ziarna/ziarna_zdrowe/01699_B.png,01699_B.png,241,480
/media/512GB_ext/DATASET_ziarna/ziarna_zdrowe/01700_B.png,01700_B.png,235,558
/media/512GB_ext/DATASET_ziarna/ziarna_zdrowe/01700_T.png,01700_T.png,238,560
/media/512GB_ext/DATASET_ziarna/ziarna_zdrowe/01701_B.png,01701_B.png,227,506
/media/512GB_ext/DATASET_ziarna/ziarna_zdrowe/01702_B.png,01702_B.png,224,478
/media/512GB_ext/DATASET_ziarna/ziarna_zdrowe/01703_B.png,01703_B.png,243,517
/media/512GB_ext/DATASET_ziarna/ziarna_zdrowe/01702_T.png,01702_T.png,224,482
/media/512GB_ext/DATASET_ziarna/ziarna_zdrowe/01704_T.png,01704_T.png,251,535
/media/512GB_ext/DATASET_ziarna/ziarna_zdrowe/01703_T.png,01703_T.png,242,520
/media/512GB_ext/DATASET_ziarna/ziarna_zdrowe/01705_B.png,01705_B.png,223,488
/media/512GB_ext/DATASET_ziarna/ziarna_zdrowe/01704_B.png,01704_B.png,249,531
/media/512GB_ext/DATASET_ziarna/ziarna_zdrowe/01705_T.png,01705_T.png,194,497
/media/512GB_ext/DATASET_ziarna/ziarna_zdrowe/01707_B.png,01707_B.png,222,576
/media/512GB_ext/DATASET_ziarna/ziarna_zdrowe/01706_B.png,01706_B.png,244,519
/media/512GB_ext/DATASET_ziarna/ziarna_zdrowe/01706_T.png,01706_T.png,244,523
/media/512GB_ext/DATASET_ziarna/ziarna_zdrowe/01707_T.png,01707_T.png,225,588
/media/512GB_ext/DATASET_ziarna/ziarna_zdrowe/01708_B.png,01708_B.png,233,527
/media/512GB_ext/DATASET_ziarna/ziarna_zdrowe/01709_B.png,01709_B.png,281,854
/media/512GB_ext/DATASET_ziarna/ziarna_zdrowe/01709_T.png,01709_T.png,235,471
/media/512GB_ext/DATASET_ziarna/ziarna_zdrowe/01711_T.png,01711_T.png,236,542
/media/512GB_ext/DATASET_ziarna/ziarna_zdrowe/01710_T.png,01710_T.png,233,509
/media/512GB_ext/DATASET_ziarna/ziarna_zdrowe/01710_B.png,01710_B.png,233,508
/media/512GB_ext/DATASET_ziarna/ziarna_zdrowe/01711_B.png,01711_B.png,233,535
/media/512GB_ext/DATASET_ziarna/ziarna_zdrowe/01712_B.png,01712_B.png,228,471
/media/512GB_ext/DATASET_ziarna/ziarna_zdrowe/01712_T.png,01712_T.png,230,478
/media/512GB_ext/DATASET_ziarna/ziarna_zdrowe/01714_T.png,01714_T.png,224,493
/media/512GB_ext/DATASET_ziarna/ziarna_zdrowe/01713_B.png,01713_B.png,249,493
/media/512GB_ext/DATASET_ziarna/ziarna_zdrowe/01713_T.png,01713_T.png,254,499
/media/512GB_ext/DATASET_ziarna/ziarna_zdrowe/01715_B.png,01715_B.png,244,528
/media/512GB_ext/DATASET_ziarna/ziarna_zdrowe/01714_B.png,01714_B.png,221,489
/media/512GB_ext/DATASET_ziarna/ziarna_zdrowe/01716_B.png,01716_B.png,307,590
/media/512GB_ext/DATASET_ziarna/ziarna_zdrowe/01717_B.png,01717_B.png,231,471
/media/512GB_ext/DATASET_ziarna/ziarna_zdrowe/01716_T.png,01716_T.png,274,602
/media/512GB_ext/DATASET_ziarna/ziarna_zdrowe/01717_T.png,01717_T.png,233,473
/media/512GB_ext/DATASET_ziarna/ziarna_zdrowe/01718_B.png,01718_B.png,241,542
/media/512GB_ext/DATASET_ziarna/ziarna_zdrowe/01718_T.png,01718_T.png,239,542
/media/512GB_ext/DATASET_ziarna/ziarna_zdrowe/01720_B.png,01720_B.png,250,500
/media/512GB_ext/DATASET_ziarna/ziarna_zdrowe/01719_T.png,01719_T.png,272,562
/media/512GB_ext/DATASET_ziarna/ziarna_zdrowe/01719_B.png,01719_B.png,276,554
/media/512GB_ext/DATASET_ziarna/ziarna_zdrowe/01721_B.png,01721_B.png,241,560
/media/512GB_ext/DATASET_ziarna/ziarna_zdrowe/01721_T.png,01721_T.png,246,569
/media/512GB_ext/DATASET_ziarna/ziarna_zdrowe/01720_T.png,01720_T.png,252,507
/media/512GB_ext/DATASET_ziarna/ziarna_zdrowe/01723_B.png,01723_B.png,263,515
/media/512GB_ext/DATASET_ziarna/ziarna_zdrowe/01722_B.png,01722_B.png,238,562
/media/512GB_ext/DATASET_ziarna/ziarna_zdrowe/01723_T.png,01723_T.png,264,521
/media/512GB_ext/DATASET_ziarna/ziarna_zdrowe/01726_T.png,01726_T.png,240,521
/media/512GB_ext/DATASET_ziarna/ziarna_zdrowe/01724_T.png,01724_T.png,267,565
/media/512GB_ext/DATASET_ziarna/ziarna_zdrowe/01726_B.png,01726_B.png,237,508
/media/512GB_ext/DATASET_ziarna/ziarna_zdrowe/01724_B.png,01724_B.png,266,563
/media/512GB_ext/DATASET_ziarna/ziarna_zdrowe/01727_T.png,01727_T.png,241,554
/media/512GB_ext/DATASET_ziarna/ziarna_zdrowe/01725_T.png,01725_T.png,272,551
/media/512GB_ext/DATASET_ziarna/ziarna_zdrowe/01725_B.png,01725_B.png,262,547
/media/512GB_ext/DATASET_ziarna/ziarna_zdrowe/01727_B.png,01727_B.png,239,545
/media/512GB_ext/DATASET_ziarna/ziarna_zdrowe/01728_T.png,01728_T.png,206,468
/media/512GB_ext/DATASET_ziarna/ziarna_zdrowe/01729_B.png,01729_B.png,249,549
/media/512GB_ext/DATASET_ziarna/ziarna_zdrowe/01728_B.png,01728_B.png,205,469
/media/512GB_ext/DATASET_ziarna/ziarna_zdrowe/01730_B.png,01730_B.png,212,451
/media/512GB_ext/DATASET_ziarna/ziarna_zdrowe/01730_T.png,01730_T.png,212,454
/media/512GB_ext/DATASET_ziarna/ziarna_zdrowe/01731_T.png,01731_T.png,208,542
/media/512GB_ext/DATASET_ziarna/ziarna_zdrowe/01731_B.png,01731_B.png,208,541
/media/512GB_ext/DATASET_ziarna/ziarna_zdrowe/01733_B.png,01733_B.png,215,518
/media/512GB_ext/DATASET_ziarna/ziarna_zdrowe/01732_T.png,01732_T.png,204,527
/media/512GB_ext/DATASET_ziarna/ziarna_zdrowe/01733_T.png,01733_T.png,212,521
/media/512GB_ext/DATASET_ziarna/ziarna_zdrowe/01735_B.png,01735_B.png,212,460
/media/512GB_ext/DATASET_ziarna/ziarna_zdrowe/01734_B.png,01734_B.png,202,648
/media/512GB_ext/DATASET_ziarna/ziarna_zdrowe/01732_B.png,01732_B.png,206,521
/media/512GB_ext/DATASET_ziarna/ziarna_zdrowe/01734_T.png,01734_T.png,205,655
/media/512GB_ext/DATASET_ziarna/ziarna_zdrowe/01736_B.png,01736_B.png,263,568
/media/512GB_ext/DATASET_ziarna/ziarna_zdrowe/01737_T.png,01737_T.png,268,607
/media/512GB_ext/DATASET_ziarna/ziarna_zdrowe/01735_T.png,01735_T.png,218,464
/media/512GB_ext/DATASET_ziarna/ziarna_zdrowe/01737_B.png,01737_B.png,266,604
/media/512GB_ext/DATASET_ziarna/ziarna_zdrowe/01738_B.png,01738_B.png,260,628
/media/512GB_ext/DATASET_ziarna/ziarna_zdrowe/01739_B.png,01739_B.png,240,501
/media/512GB_ext/DATASET_ziarna/ziarna_zdrowe/01738_T.png,01738_T.png,265,635
/media/512GB_ext/DATASET_ziarna/ziarna_zdrowe/01739_T.png,01739_T.png,242,504
/media/512GB_ext/DATASET_ziarna/ziarna_zdrowe/01740_B.png,01740_B.png,239,488
/media/512GB_ext/DATASET_ziarna/ziarna_zdrowe/01741_B.png,01741_B.png,309,880
/media/512GB_ext/DATASET_ziarna/ziarna_zdrowe/01740_T.png,01740_T.png,241,489
/media/512GB_ext/DATASET_ziarna/ziarna_zdrowe/01741_T.png,01741_T.png,260,546
/media/512GB_ext/DATASET_ziarna/ziarna_zdrowe/01742_T.png,01742_T.png,237,546
/media/512GB_ext/DATASET_ziarna/ziarna_zdrowe/01742_B.png,01742_B.png,235,534
/media/512GB_ext/DATASET_ziarna/ziarna_zdrowe/01743_B.png,01743_B.png,227,558
/media/512GB_ext/DATASET_ziarna/ziarna_zdrowe/01744_B.png,01744_B.png,260,607
/media/512GB_ext/DATASET_ziarna/ziarna_zdrowe/01744_T.png,01744_T.png,262,611
/media/512GB_ext/DATASET_ziarna/ziarna_zdrowe/01746_B.png,01746_B.png,237,619
/media/512GB_ext/DATASET_ziarna/ziarna_zdrowe/01745_B.png,01745_B.png,235,493
/media/512GB_ext/DATASET_ziarna/ziarna_zdrowe/01745_T.png,01745_T.png,232,492
/media/512GB_ext/DATASET_ziarna/ziarna_zdrowe/01747_T.png,01747_T.png,239,467
/media/512GB_ext/DATASET_ziarna/ziarna_zdrowe/01747_B.png,01747_B.png,237,459
/media/512GB_ext/DATASET_ziarna/ziarna_zdrowe/01746_T.png,01746_T.png,238,628
/media/512GB_ext/DATASET_ziarna/ziarna_zdrowe/01748_T.png,01748_T.png,246,587
/media/512GB_ext/DATASET_ziarna/ziarna_zdrowe/01749_B.png,01749_B.png,265,604
/media/512GB_ext/DATASET_ziarna/ziarna_zdrowe/01748_B.png,01748_B.png,244,588
/media/512GB_ext/DATASET_ziarna/ziarna_zdrowe/01749_T.png,01749_T.png,246,601
/media/512GB_ext/DATASET_ziarna/ziarna_zdrowe/01750_B.png,01750_B.png,227,454
/media/512GB_ext/DATASET_ziarna/ziarna_zdrowe/01751_B.png,01751_B.png,245,549
/media/512GB_ext/DATASET_ziarna/ziarna_zdrowe/01751_T.png,01751_T.png,248,557
/media/512GB_ext/DATASET_ziarna/ziarna_zdrowe/01752_B.png,01752_B.png,303,846
/media/512GB_ext/DATASET_ziarna/ziarna_zdrowe/01754_T.png,01754_T.png,235,539
/media/512GB_ext/DATASET_ziarna/ziarna_zdrowe/01753_T.png,01753_T.png,231,569
/media/512GB_ext/DATASET_ziarna/ziarna_zdrowe/01753_B.png,01753_B.png,230,564
/media/512GB_ext/DATASET_ziarna/ziarna_zdrowe/01754_B.png,01754_B.png,233,531
/media/512GB_ext/DATASET_ziarna/ziarna_zdrowe/01752_T.png,01752_T.png,233,508
/media/512GB_ext/DATASET_ziarna/ziarna_zdrowe/01755_B.png,01755_B.png,245,606
/media/512GB_ext/DATASET_ziarna/ziarna_zdrowe/01756_B.png,01756_B.png,226,547
/media/512GB_ext/DATASET_ziarna/ziarna_zdrowe/01755_T.png,01755_T.png,248,607
/media/512GB_ext/DATASET_ziarna/ziarna_zdrowe/01756_T.png,01756_T.png,225,550
/media/512GB_ext/DATASET_ziarna/ziarna_zdrowe/01757_B.png,01757_B.png,231,546
/media/512GB_ext/DATASET_ziarna/ziarna_zdrowe/01758_B.png,01758_B.png,232,572
/media/512GB_ext/DATASET_ziarna/ziarna_zdrowe/01759_B.png,01759_B.png,253,655
/media/512GB_ext/DATASET_ziarna/ziarna_zdrowe/01759_T.png,01759_T.png,255,661
/media/512GB_ext/DATASET_ziarna/ziarna_zdrowe/01758_T.png,01758_T.png,234,580
/media/512GB_ext/DATASET_ziarna/ziarna_zdrowe/01760_B.png,01760_B.png,258,572
/media/512GB_ext/DATASET_ziarna/ziarna_zdrowe/01761_B.png,01761_B.png,226,523
/media/512GB_ext/DATASET_ziarna/ziarna_zdrowe/01761_T.png,01761_T.png,228,526
/media/512GB_ext/DATASET_ziarna/ziarna_zdrowe/01760_T.png,01760_T.png,258,585
/media/512GB_ext/DATASET_ziarna/ziarna_zdrowe/01762_T.png,01762_T.png,220,612
/media/512GB_ext/DATASET_ziarna/ziarna_zdrowe/01762_B.png,01762_B.png,223,593
/media/512GB_ext/DATASET_ziarna/ziarna_zdrowe/01763_B.png,01763_B.png,213,472
/media/512GB_ext/DATASET_ziarna/ziarna_zdrowe/01763_T.png,01763_T.png,200,472
/media/512GB_ext/DATASET_ziarna/ziarna_zdrowe/01764_B.png,01764_B.png,247,552
/media/512GB_ext/DATASET_ziarna/ziarna_zdrowe/01765_B.png,01765_B.png,157,528
/media/512GB_ext/DATASET_ziarna/ziarna_zdrowe/01765_T.png,01765_T.png,151,532
/media/512GB_ext/DATASET_ziarna/ziarna_zdrowe/01766_B.png,01766_B.png,247,493
/media/512GB_ext/DATASET_ziarna/ziarna_zdrowe/01766_T.png,01766_T.png,251,503
/media/512GB_ext/DATASET_ziarna/ziarna_zdrowe/01767_B.png,01767_B.png,228,589
/media/512GB_ext/DATASET_ziarna/ziarna_zdrowe/01768_B.png,01768_B.png,226,574
/media/512GB_ext/DATASET_ziarna/ziarna_zdrowe/01768_T.png,01768_T.png,223,572
/media/512GB_ext/DATASET_ziarna/ziarna_zdrowe/01767_T.png,01767_T.png,232,595
/media/512GB_ext/DATASET_ziarna/ziarna_zdrowe/01769_T.png,01769_T.png,215,538
/media/512GB_ext/DATASET_ziarna/ziarna_zdrowe/01770_T.png,01770_T.png,190,452
/media/512GB_ext/DATASET_ziarna/ziarna_zdrowe/01769_B.png,01769_B.png,223,531
/media/512GB_ext/DATASET_ziarna/ziarna_zdrowe/01770_B.png,01770_B.png,195,444
/media/512GB_ext/DATASET_ziarna/ziarna_zdrowe/01771_B.png,01771_B.png,259,540
/media/512GB_ext/DATASET_ziarna/ziarna_zdrowe/01772_B.png,01772_B.png,259,602
/media/512GB_ext/DATASET_ziarna/ziarna_zdrowe/01772_T.png,01772_T.png,263,610
/media/512GB_ext/DATASET_ziarna/ziarna_zdrowe/01774_T.png,01774_T.png,255,529
/media/512GB_ext/DATASET_ziarna/ziarna_zdrowe/01774_B.png,01774_B.png,259,525
/media/512GB_ext/DATASET_ziarna/ziarna_zdrowe/01775_T.png,01775_T.png,259,612
/media/512GB_ext/DATASET_ziarna/ziarna_zdrowe/01773_B.png,01773_B.png,240,579
/media/512GB_ext/DATASET_ziarna/ziarna_zdrowe/01775_B.png,01775_B.png,257,603
/media/512GB_ext/DATASET_ziarna/ziarna_zdrowe/01773_T.png,01773_T.png,227,588
/media/512GB_ext/DATASET_ziarna/ziarna_zdrowe/01776_T.png,01776_T.png,241,565
/media/512GB_ext/DATASET_ziarna/ziarna_zdrowe/01776_B.png,01776_B.png,240,559
/media/512GB_ext/DATASET_ziarna/ziarna_zdrowe/01777_T.png,01777_T.png,234,550
/media/512GB_ext/DATASET_ziarna/ziarna_zdrowe/01778_B.png,01778_B.png,239,515
/media/512GB_ext/DATASET_ziarna/ziarna_zdrowe/01777_B.png,01777_B.png,233,548
/media/512GB_ext/DATASET_ziarna/ziarna_zdrowe/01779_B.png,01779_B.png,271,578
/media/512GB_ext/DATASET_ziarna/ziarna_zdrowe/01779_T.png,01779_T.png,254,581
/media/512GB_ext/DATASET_ziarna/ziarna_zdrowe/01780_B.png,01780_B.png,234,574
/media/512GB_ext/DATASET_ziarna/ziarna_zdrowe/01781_T.png,01781_T.png,254,551
/media/512GB_ext/DATASET_ziarna/ziarna_zdrowe/01780_T.png,01780_T.png,224,557
/media/512GB_ext/DATASET_ziarna/ziarna_zdrowe/01782_B.png,01782_B.png,209,477
/media/512GB_ext/DATASET_ziarna/ziarna_zdrowe/01781_B.png,01781_B.png,253,548
/media/512GB_ext/DATASET_ziarna/ziarna_zdrowe/01783_B.png,01783_B.png,240,586
/media/512GB_ext/DATASET_ziarna/ziarna_zdrowe/01784_B.png,01784_B.png,241,545
/media/512GB_ext/DATASET_ziarna/ziarna_zdrowe/01782_T.png,01782_T.png,208,477
/media/512GB_ext/DATASET_ziarna/ziarna_zdrowe/01783_T.png,01783_T.png,238,590
/media/512GB_ext/DATASET_ziarna/ziarna_zdrowe/01784_T.png,01784_T.png,241,551
/media/512GB_ext/DATASET_ziarna/ziarna_zdrowe/01786_B.png,01786_B.png,235,531
/media/512GB_ext/DATASET_ziarna/ziarna_zdrowe/01785_B.png,01785_B.png,240,561
/media/512GB_ext/DATASET_ziarna/ziarna_zdrowe/01786_T.png,01786_T.png,235,536
/media/512GB_ext/DATASET_ziarna/ziarna_zdrowe/01787_B.png,01787_B.png,234,511
/media/512GB_ext/DATASET_ziarna/ziarna_zdrowe/01788_T.png,01788_T.png,262,596
/media/512GB_ext/DATASET_ziarna/ziarna_zdrowe/01787_T.png,01787_T.png,237,513
/media/512GB_ext/DATASET_ziarna/ziarna_zdrowe/01788_B.png,01788_B.png,260,601
/media/512GB_ext/DATASET_ziarna/ziarna_zdrowe/01789_T.png,01789_T.png,235,505
/media/512GB_ext/DATASET_ziarna/ziarna_zdrowe/01790_B.png,01790_B.png,265,569
/media/512GB_ext/DATASET_ziarna/ziarna_zdrowe/01791_B.png,01791_B.png,245,509
/media/512GB_ext/DATASET_ziarna/ziarna_zdrowe/01789_B.png,01789_B.png,234,503
/media/512GB_ext/DATASET_ziarna/ziarna_zdrowe/01790_T.png,01790_T.png,265,563
/media/512GB_ext/DATASET_ziarna/ziarna_zdrowe/01666_T.png,01666_T.png,211,543
/media/512GB_ext/DATASET_ziarna/ziarna_zdrowe/01791_T.png,01791_T.png,247,516
/media/512GB_ext/DATASET_ziarna/ziarna_zdrowe/01687_T.png,01687_T.png,199,551
/media/512GB_ext/DATASET_ziarna/ziarna_zdrowe/01715_T.png,01715_T.png,245,536
/media/512GB_ext/DATASET_ziarna/ziarna_zdrowe/01792_B.png,01792_B.png,277,559
/media/512GB_ext/DATASET_ziarna/ziarna_zdrowe/01673_T.png,01673_T.png,269,519
/media/512GB_ext/DATASET_ziarna/ziarna_zdrowe/01680_T.png,01680_T.png,271,595
/media/512GB_ext/DATASET_ziarna/ziarna_zdrowe/01722_T.png,01722_T.png,239,559
/media/512GB_ext/DATASET_ziarna/ziarna_zdrowe/01708_T.png,01708_T.png,236,535
/media/512GB_ext/DATASET_ziarna/ziarna_zdrowe/01736_T.png,01736_T.png,249,574
/media/512GB_ext/DATASET_ziarna/ziarna_zdrowe/01694_T.png,01694_T.png,228,520
/media/512GB_ext/DATASET_ziarna/ziarna_zdrowe/01729_T.png,01729_T.png,252,564
/media/512GB_ext/DATASET_ziarna/ziarna_zdrowe/01757_T.png,01757_T.png,234,546
/media/512GB_ext/DATASET_ziarna/ziarna_zdrowe/01743_T.png,01743_T.png,225,564
/media/512GB_ext/DATASET_ziarna/ziarna_zdrowe/01771_T.png,01771_T.png,263,545
/media/512GB_ext/DATASET_ziarna/ziarna_zdrowe/01701_T.png,01701_T.png,230,516
/media/512GB_ext/DATASET_ziarna/ziarna_zdrowe/01778_T.png,01778_T.png,244,522
/media/512GB_ext/DATASET_ziarna/ziarna_zdrowe/01750_T.png,01750_T.png,231,456
/media/512GB_ext/DATASET_ziarna/ziarna_zdrowe/01785_T.png,01785_T.png,245,563
/media/512GB_ext/DATASET_ziarna/ziarna_zdrowe/01764_T.png,01764_T.png,249,563
/media/512GB_ext/DATASET_ziarna/ziarna_zdrowe/01799_B.png,01799_B.png,245,535
/media/512GB_ext/DATASET_ziarna/ziarna_zdrowe/01825_T.png,01825_T.png,254,506
/media/512GB_ext/DATASET_ziarna/ziarna_zdrowe/01805_T.png,01805_T.png,238,597
/media/512GB_ext/DATASET_ziarna/ziarna_zdrowe/01819_B.png,01819_B.png,258,561
/media/512GB_ext/DATASET_ziarna/ziarna_zdrowe/01793_T.png,01793_T.png,243,594
/media/512GB_ext/DATASET_ziarna/ziarna_zdrowe/01794_B.png,01794_B.png,241,786
/media/512GB_ext/DATASET_ziarna/ziarna_zdrowe/01794_T.png,01794_T.png,238,806
/media/512GB_ext/DATASET_ziarna/ziarna_zdrowe/01792_T.png,01792_T.png,264,554
/media/512GB_ext/DATASET_ziarna/ziarna_zdrowe/01795_B.png,01795_B.png,238,527
/media/512GB_ext/DATASET_ziarna/ziarna_zdrowe/01793_B.png,01793_B.png,243,593
/media/512GB_ext/DATASET_ziarna/ziarna_zdrowe/01795_T.png,01795_T.png,239,530
/media/512GB_ext/DATASET_ziarna/ziarna_zdrowe/01796_T.png,01796_T.png,258,536
/media/512GB_ext/DATASET_ziarna/ziarna_zdrowe/01796_B.png,01796_B.png,258,532
/media/512GB_ext/DATASET_ziarna/ziarna_zdrowe/01797_T.png,01797_T.png,240,584
/media/512GB_ext/DATASET_ziarna/ziarna_zdrowe/01800_B.png,01800_B.png,238,591
/media/512GB_ext/DATASET_ziarna/ziarna_zdrowe/01798_T.png,01798_T.png,251,627
/media/512GB_ext/DATASET_ziarna/ziarna_zdrowe/01798_B.png,01798_B.png,247,626
/media/512GB_ext/DATASET_ziarna/ziarna_zdrowe/01797_B.png,01797_B.png,241,580
/media/512GB_ext/DATASET_ziarna/ziarna_zdrowe/01800_T.png,01800_T.png,237,606
/media/512GB_ext/DATASET_ziarna/ziarna_zdrowe/01801_B.png,01801_B.png,230,535
/media/512GB_ext/DATASET_ziarna/ziarna_zdrowe/01799_T.png,01799_T.png,244,536
/media/512GB_ext/DATASET_ziarna/ziarna_zdrowe/01801_T.png,01801_T.png,230,538
/media/512GB_ext/DATASET_ziarna/ziarna_zdrowe/01802_T.png,01802_T.png,254,516
/media/512GB_ext/DATASET_ziarna/ziarna_zdrowe/01802_B.png,01802_B.png,250,510
/media/512GB_ext/DATASET_ziarna/ziarna_zdrowe/01803_B.png,01803_B.png,255,565
/media/512GB_ext/DATASET_ziarna/ziarna_zdrowe/01803_T.png,01803_T.png,256,570
/media/512GB_ext/DATASET_ziarna/ziarna_zdrowe/01804_B.png,01804_B.png,281,932
/media/512GB_ext/DATASET_ziarna/ziarna_zdrowe/01806_B.png,01806_B.png,229,493
/media/512GB_ext/DATASET_ziarna/ziarna_zdrowe/01805_B.png,01805_B.png,239,613
/media/512GB_ext/DATASET_ziarna/ziarna_zdrowe/01804_T.png,01804_T.png,211,517
/media/512GB_ext/DATASET_ziarna/ziarna_zdrowe/01806_T.png,01806_T.png,233,501
/media/512GB_ext/DATASET_ziarna/ziarna_zdrowe/01807_B.png,01807_B.png,252,553
/media/512GB_ext/DATASET_ziarna/ziarna_zdrowe/01807_T.png,01807_T.png,255,561
/media/512GB_ext/DATASET_ziarna/ziarna_zdrowe/01808_B.png,01808_B.png,210,540
/media/512GB_ext/DATASET_ziarna/ziarna_zdrowe/01808_T.png,01808_T.png,210,542
/media/512GB_ext/DATASET_ziarna/ziarna_zdrowe/01809_B.png,01809_B.png,230,493
/media/512GB_ext/DATASET_ziarna/ziarna_zdrowe/01810_B.png,01810_B.png,236,577
/media/512GB_ext/DATASET_ziarna/ziarna_zdrowe/01809_T.png,01809_T.png,233,502
/media/512GB_ext/DATASET_ziarna/ziarna_zdrowe/01811_T.png,01811_T.png,220,572
/media/512GB_ext/DATASET_ziarna/ziarna_zdrowe/01811_B.png,01811_B.png,223,571
/media/512GB_ext/DATASET_ziarna/ziarna_zdrowe/01810_T.png,01810_T.png,240,580
/media/512GB_ext/DATASET_ziarna/ziarna_zdrowe/01812_T.png,01812_T.png,231,528
/media/512GB_ext/DATASET_ziarna/ziarna_zdrowe/01814_B.png,01814_B.png,247,516
/media/512GB_ext/DATASET_ziarna/ziarna_zdrowe/01813_B.png,01813_B.png,242,572
/media/512GB_ext/DATASET_ziarna/ziarna_zdrowe/01812_B.png,01812_B.png,231,530
/media/512GB_ext/DATASET_ziarna/ziarna_zdrowe/01814_T.png,01814_T.png,251,525
/media/512GB_ext/DATASET_ziarna/ziarna_zdrowe/01813_T.png,01813_T.png,243,581
/media/512GB_ext/DATASET_ziarna/ziarna_zdrowe/01815_B.png,01815_B.png,257,564
/media/512GB_ext/DATASET_ziarna/ziarna_zdrowe/01815_T.png,01815_T.png,257,572
/media/512GB_ext/DATASET_ziarna/ziarna_zdrowe/01816_B.png,01816_B.png,241,512
/media/512GB_ext/DATASET_ziarna/ziarna_zdrowe/01816_T.png,01816_T.png,238,515
/media/512GB_ext/DATASET_ziarna/ziarna_zdrowe/01817_B.png,01817_B.png,246,545
/media/512GB_ext/DATASET_ziarna/ziarna_zdrowe/01817_T.png,01817_T.png,248,561
/media/512GB_ext/DATASET_ziarna/ziarna_zdrowe/01818_T.png,01818_T.png,229,540
/media/512GB_ext/DATASET_ziarna/ziarna_zdrowe/01818_B.png,01818_B.png,241,535
/media/512GB_ext/DATASET_ziarna/ziarna_zdrowe/01820_B.png,01820_B.png,231,462
/media/512GB_ext/DATASET_ziarna/ziarna_zdrowe/01819_T.png,01819_T.png,261,574
/media/512GB_ext/DATASET_ziarna/ziarna_zdrowe/01821_B.png,01821_B.png,254,560
/media/512GB_ext/DATASET_ziarna/ziarna_zdrowe/01820_T.png,01820_T.png,244,492
/media/512GB_ext/DATASET_ziarna/ziarna_zdrowe/01821_T.png,01821_T.png,255,561
/media/512GB_ext/DATASET_ziarna/ziarna_zdrowe/01822_B.png,01822_B.png,264,544
/media/512GB_ext/DATASET_ziarna/ziarna_zdrowe/01822_T.png,01822_T.png,264,549
/media/512GB_ext/DATASET_ziarna/ziarna_zdrowe/01823_T.png,01823_T.png,209,508
/media/512GB_ext/DATASET_ziarna/ziarna_zdrowe/01823_B.png,01823_B.png,209,509
/media/512GB_ext/DATASET_ziarna/ziarna_zdrowe/01824_B.png,01824_B.png,230,523
/media/512GB_ext/DATASET_ziarna/ziarna_zdrowe/01825_B.png,01825_B.png,254,500
/media/512GB_ext/DATASET_ziarna/ziarna_zdrowe/01824_T.png,01824_T.png,231,527
/media/512GB_ext/DATASET_ziarna/ziarna_zdrowe/01826_B.png,01826_B.png,226,489
/media/512GB_ext/DATASET_ziarna/ziarna_zdrowe/01826_T.png,01826_T.png,226,495
/media/512GB_ext/DATASET_ziarna/ziarna_zdrowe/01827_B.png,01827_B.png,252,616
/media/512GB_ext/DATASET_ziarna/ziarna_zdrowe/01827_T.png,01827_T.png,246,630
/media/512GB_ext/DATASET_ziarna/ziarna_zdrowe/01829_B.png,01829_B.png,256,545
/media/512GB_ext/DATASET_ziarna/ziarna_zdrowe/01828_B.png,01828_B.png,248,584
/media/512GB_ext/DATASET_ziarna/ziarna_zdrowe/01828_T.png,01828_T.png,250,573
/media/512GB_ext/DATASET_ziarna/ziarna_zdrowe/01830_B.png,01830_B.png,262,543
/media/512GB_ext/DATASET_ziarna/ziarna_zdrowe/01829_T.png,01829_T.png,258,552
/media/512GB_ext/DATASET_ziarna/ziarna_zdrowe/01830_T.png,01830_T.png,253,553
/media/512GB_ext/DATASET_ziarna/ziarna_zdrowe/01832_B.png,01832_B.png,247,610
/media/512GB_ext/DATASET_ziarna/ziarna_zdrowe/01831_B.png,01831_B.png,219,562
/media/512GB_ext/DATASET_ziarna/ziarna_zdrowe/01831_T.png,01831_T.png,223,557
/media/512GB_ext/DATASET_ziarna/ziarna_zdrowe/01834_B.png,01834_B.png,269,634
/media/512GB_ext/DATASET_ziarna/ziarna_zdrowe/01832_T.png,01832_T.png,248,616
/media/512GB_ext/DATASET_ziarna/ziarna_zdrowe/01833_B.png,01833_B.png,255,734
/media/512GB_ext/DATASET_ziarna/ziarna_zdrowe/01833_T.png,01833_T.png,253,764
/media/512GB_ext/DATASET_ziarna/ziarna_zdrowe/01835_B.png,01835_B.png,261,559
/media/512GB_ext/DATASET_ziarna/ziarna_zdrowe/01834_T.png,01834_T.png,268,661
/media/512GB_ext/DATASET_ziarna/ziarna_zdrowe/01835_T.png,01835_T.png,268,561
/media/512GB_ext/DATASET_ziarna/ziarna_zdrowe/01836_T.png,01836_T.png,256,551
/media/512GB_ext/DATASET_ziarna/ziarna_zdrowe/01836_B.png,01836_B.png,259,548
